{
  "Course Selection" : {
    "transaction" : "Course Selection",
    "sampleCount" : 2000,
    "errorCount" : 704,
    "errorPct" : 35.2,
    "meanResTime" : 4835.953999999995,
    "medianResTime" : 2008.5,
    "minResTime" : 0.0,
    "maxResTime" : 45130.0,
    "pct1ResTime" : 13128.2,
    "pct2ResTime" : 18789.85,
    "pct3ResTime" : 25464.77,
    "throughput" : 19.916747993387638,
    "receivedKBytesPerSec" : 439.836366799279,
    "sentKBytesPerSec" : 3.7021519579408073
  },
  "Course Selection-0" : {
    "transaction" : "Course Selection-0",
    "sampleCount" : 1799,
    "errorCount" : 0,
    "errorPct" : 0.0,
    "meanResTime" : 654.8443579766529,
    "medianResTime" : 566.0,
    "minResTime" : 255.0,
    "maxResTime" : 5717.0,
    "pct1ResTime" : 1247.0,
    "pct2ResTime" : 1601.0,
    "pct3ResTime" : 2854.0,
    "throughput" : 18.672672922029395,
    "receivedKBytesPerSec" : 7.804593760379474,
    "sentKBytesPerSec" : 2.2429089545015777
  },
  "Course Selection-1" : {
    "transaction" : "Course Selection-1",
    "sampleCount" : 1799,
    "errorCount" : 503,
    "errorPct" : 27.959978,
    "meanResTime" : 4461.577543079487,
    "medianResTime" : 1831.0,
    "minResTime" : 0.0,
    "maxResTime" : 44568.0,
    "pct1ResTime" : 12190.0,
    "pct2ResTime" : 17331.0,
    "pct3ResTime" : 25248.0,
    "throughput" : 18.617021276595743,
    "receivedKBytesPerSec" : 444.90378324791476,
    "sentKBytesPerSec" : 1.6109764363771835
  },
  "Total" : {
    "transaction" : "Total",
    "sampleCount" : 11374,
    "errorCount" : 2971,
    "errorPct" : 26.120977,
    "meanResTime" : 5581.160453666292,
    "medianResTime" : 1451.0,
    "minResTime" : 0.0,
    "maxResTime" : 77283.0,
    "pct1ResTime" : 17066.0,
    "pct2ResTime" : 20108.5,
    "pct3ResTime" : 36196.0,
    "throughput" : 110.27087817268726,
    "receivedKBytesPerSec" : 1582.6028854881672,
    "sentKBytesPerSec" : 14.079235228462567
  },
  "Landing page-1" : {
    "transaction" : "Landing page-1",
    "sampleCount" : 1888,
    "errorCount" : 826,
    "errorPct" : 43.75,
    "meanResTime" : 10990.25423728815,
    "medianResTime" : 10377.0,
    "minResTime" : 0.0,
    "maxResTime" : 76419.0,
    "pct1ResTime" : 20843.0,
    "pct2ResTime" : 29774.249999999993,
    "pct3ResTime" : 45820.00999999992,
    "throughput" : 18.643599162618003,
    "receivedKBytesPerSec" : 362.9722000039499,
    "sentKBytesPerSec" : 1.2596718916637042
  },
  "Landing page" : {
    "transaction" : "Landing page",
    "sampleCount" : 2000,
    "errorCount" : 938,
    "errorPct" : 46.9,
    "meanResTime" : 11204.34250000003,
    "medianResTime" : 8902.5,
    "minResTime" : 0.0,
    "maxResTime" : 77283.0,
    "pct1ResTime" : 21121.4,
    "pct2ResTime" : 30033.199999999993,
    "pct3ResTime" : 46758.79,
    "throughput" : 19.60496005489389,
    "receivedKBytesPerSec" : 370.3495273366662,
    "sentKBytesPerSec" : 3.4734666776944567
  },
  "Landing page-0" : {
    "transaction" : "Landing page-0",
    "sampleCount" : 1888,
    "errorCount" : 0,
    "errorPct" : 0.0,
    "meanResTime" : 765.6159957627111,
    "medianResTime" : 817.0,
    "minResTime" : 258.0,
    "maxResTime" : 10779.0,
    "pct1ResTime" : 1053.1000000000001,
    "pct2ResTime" : 1164.55,
    "pct3ResTime" : 1437.489999999994,
    "throughput" : 18.835736020352172,
    "receivedKBytesPerSec" : 7.872749039756572,
    "sentKBytesPerSec" : 2.262495635257146
  }
}